country_region_code,country_region,sub_region_1,sub_region_2,metro_area,iso_3166_2_code,census_fips_code,place_id,date,retail_and_recreation_percent_change_from_baseline,grocery_and_pharmacy_percent_change_from_baseline,parks_percent_change_from_baseline,transit_stations_percent_change_from_baseline,workplaces_percent_change_from_baseline,residential_percent_change_from_baseline
LI,Liechtenstein,,,,,,ChIJ_S9HHUQxm0cRibFa3Ta16mA,2020-02-15,17,4,,,,
LI,Liechtenstein,,,,,,ChIJ_S9HHUQxm0cRibFa3Ta16mA,2020-02-16,5,0,,,,
LI,Liechtenstein,,,,,,ChIJ_S9HHUQxm0cRibFa3Ta16mA,2020-02-17,0,-2,,15,-4,
LI,Liechtenstein,,,,,,ChIJ_S9HHUQxm0cRibFa3Ta16mA,2020-02-18,11,-5,,9,2,
LI,Liechtenstein,,,,,,ChIJ_S9HHUQxm0cRibFa3Ta16mA,2020-02-19,7,3,,-4,3,
LI,Liechtenstein,,,,,,ChIJ_S9HHUQxm0cRibFa3Ta16mA,2020-02-20,8,-2,,32,-5,
LI,Liechtenstein,,,,,,ChIJ_S9HHUQxm0cRibFa3Ta16mA,2020-02-21,12,-3,,1,-6,
LI,Liechtenstein,,,,,,ChIJ_S9HHUQxm0cRibFa3Ta16mA,2020-02-22,36,-2,,37,,
LI,Liechtenstein,,,,,,ChIJ_S9HHUQxm0cRibFa3Ta16mA,2020-02-23,60,8,,,,
LI,Liechtenstein,,,,,,ChIJ_S9HHUQxm0cRibFa3Ta16mA,2020-02-24,15,-8,,25,-26,
LI,Liechtenstein,,,,,,ChIJ_S9HHUQxm0cRibFa3Ta16mA,2020-02-25,-14,-14,,-14,-38,
LI,Liechtenstein,,,,,,ChIJ_S9HHUQxm0cRibFa3Ta16mA,2020-02-26,-12,2,,-6,-13,
LI,Liechtenstein,,,,,,ChIJ_S9HHUQxm0cRibFa3Ta16mA,2020-02-27,-12,-3,,-13,-11,
LI,Liechtenstein,,,,,,ChIJ_S9HHUQxm0cRibFa3Ta16mA,2020-02-28,-10,-2,,1,-13,
LI,Liechtenstein,,,,,,ChIJ_S9HHUQxm0cRibFa3Ta16mA,2020-02-29,-8,-2,,-12,,
LI,Liechtenstein,,,,,,ChIJ_S9HHUQxm0cRibFa3Ta16mA,2020-03-01,1,0,,,,
LI,Liechtenstein,,,,,,ChIJ_S9HHUQxm0cRibFa3Ta16mA,2020-03-02,0,2,,2,-3,
LI,Liechtenstein,,,,,,ChIJ_S9HHUQxm0cRibFa3Ta16mA,2020-03-03,5,2,,-2,1,
LI,Liechtenstein,,,,,,ChIJ_S9HHUQxm0cRibFa3Ta16mA,2020-03-04,5,5,,-6,0,
LI,Liechtenstein,,,,,,ChIJ_S9HHUQxm0cRibFa3Ta16mA,2020-03-05,-12,2,,-12,-4,
LI,Liechtenstein,,,,,,ChIJ_S9HHUQxm0cRibFa3Ta16mA,2020-03-06,-5,6,,-3,-2,
LI,Liechtenstein,,,,,,ChIJ_S9HHUQxm0cRibFa3Ta16mA,2020-03-07,-12,6,,-13,,
LI,Liechtenstein,,,,,,ChIJ_S9HHUQxm0cRibFa3Ta16mA,2020-03-08,-5,6,,,,
LI,Liechtenstein,,,,,,ChIJ_S9HHUQxm0cRibFa3Ta16mA,2020-03-09,-6,5,,2,-4,
LI,Liechtenstein,,,,,,ChIJ_S9HHUQxm0cRibFa3Ta16mA,2020-03-10,0,2,,-12,-2,
LI,Liechtenstein,,,,,,ChIJ_S9HHUQxm0cRibFa3Ta16mA,2020-03-11,-1,5,,-11,1,
LI,Liechtenstein,,,,,,ChIJ_S9HHUQxm0cRibFa3Ta16mA,2020-03-12,-8,6,,-6,-2,
LI,Liechtenstein,,,,,,ChIJ_S9HHUQxm0cRibFa3Ta16mA,2020-03-13,-17,28,,-10,0,
LI,Liechtenstein,,,,,,ChIJ_S9HHUQxm0cRibFa3Ta16mA,2020-03-14,-32,,,-19,,
LI,Liechtenstein,,,,,,ChIJ_S9HHUQxm0cRibFa3Ta16mA,2020-03-15,-22,4,,,,
LI,Liechtenstein,,,,,,ChIJ_S9HHUQxm0cRibFa3Ta16mA,2020-03-16,-26,22,,-20,-19,
LI,Liechtenstein,,,,,,ChIJ_S9HHUQxm0cRibFa3Ta16mA,2020-03-17,-55,3,,-29,-25,
LI,Liechtenstein,,,,,,ChIJ_S9HHUQxm0cRibFa3Ta16mA,2020-03-18,-45,11,,-27,-28,
LI,Liechtenstein,,,,,,ChIJ_S9HHUQxm0cRibFa3Ta16mA,2020-03-19,-80,-40,,-57,-70,
LI,Liechtenstein,,,,,,ChIJ_S9HHUQxm0cRibFa3Ta16mA,2020-03-20,-66,11,,-37,-45,
LI,Liechtenstein,,,,,,ChIJ_S9HHUQxm0cRibFa3Ta16mA,2020-03-21,-83,8,,-52,,
LI,Liechtenstein,,,,,,ChIJ_S9HHUQxm0cRibFa3Ta16mA,2020-03-22,-89,-42,,-58,,
LI,Liechtenstein,,,,,,ChIJ_S9HHUQxm0cRibFa3Ta16mA,2020-03-23,-66,-6,,-32,-35,
LI,Liechtenstein,,,,,,ChIJ_S9HHUQxm0cRibFa3Ta16mA,2020-03-24,-67,-11,,-41,-35,
LI,Liechtenstein,,,,,,ChIJ_S9HHUQxm0cRibFa3Ta16mA,2020-03-25,-70,-6,,-44,-35,
LI,Liechtenstein,,,,,,ChIJ_S9HHUQxm0cRibFa3Ta16mA,2020-03-26,-72,-10,,-43,-37,
LI,Liechtenstein,,,,,,ChIJ_S9HHUQxm0cRibFa3Ta16mA,2020-03-27,-64,2,,-40,-37,
LI,Liechtenstein,,,,,,ChIJ_S9HHUQxm0cRibFa3Ta16mA,2020-03-28,-77,12,,-37,,
LI,Liechtenstein,,,,,,ChIJ_S9HHUQxm0cRibFa3Ta16mA,2020-03-29,-90,-22,,-58,,
LI,Liechtenstein,,,,,,ChIJ_S9HHUQxm0cRibFa3Ta16mA,2020-03-30,-69,-17,,-45,-37,
LI,Liechtenstein,,,,,,ChIJ_S9HHUQxm0cRibFa3Ta16mA,2020-03-31,-69,-5,,-38,-35,
LI,Liechtenstein,,,,,,ChIJ_S9HHUQxm0cRibFa3Ta16mA,2020-04-01,-56,-6,,-39,-36,
LI,Liechtenstein,,,,,,ChIJ_S9HHUQxm0cRibFa3Ta16mA,2020-04-02,-68,-6,,-41,-36,
LI,Liechtenstein,,,,,,ChIJ_S9HHUQxm0cRibFa3Ta16mA,2020-04-03,-66,3,,-37,-37,
LI,Liechtenstein,,,,,,ChIJ_S9HHUQxm0cRibFa3Ta16mA,2020-04-04,-77,,,-38,,
LI,Liechtenstein,,,,,,ChIJ_S9HHUQxm0cRibFa3Ta16mA,2020-04-05,-74,-18,,-33,,
LI,Liechtenstein,,,,,,ChIJ_S9HHUQxm0cRibFa3Ta16mA,2020-04-06,,,,-23,-37,
LI,Liechtenstein,,,,,,ChIJ_S9HHUQxm0cRibFa3Ta16mA,2020-04-07,,,,-30,-37,
LI,Liechtenstein,,,,,,ChIJ_S9HHUQxm0cRibFa3Ta16mA,2020-04-08,,,,-37,-36,
LI,Liechtenstein,,,,,,ChIJ_S9HHUQxm0cRibFa3Ta16mA,2020-04-09,,,,-35,-37,
LI,Liechtenstein,,,,,,ChIJ_S9HHUQxm0cRibFa3Ta16mA,2020-04-10,,,,-53,-79,
LI,Liechtenstein,,,,,,ChIJ_S9HHUQxm0cRibFa3Ta16mA,2020-04-11,,,,-29,,
LI,Liechtenstein,,,,,,ChIJ_S9HHUQxm0cRibFa3Ta16mA,2020-04-12,,,,-30,,
LI,Liechtenstein,,,,,,ChIJ_S9HHUQxm0cRibFa3Ta16mA,2020-04-13,,,,-55,-90,
LI,Liechtenstein,,,,,,ChIJ_S9HHUQxm0cRibFa3Ta16mA,2020-04-14,,,,-39,-38,
LI,Liechtenstein,,,,,,ChIJ_S9HHUQxm0cRibFa3Ta16mA,2020-04-15,,,,-34,-37,
LI,Liechtenstein,,,,,,ChIJ_S9HHUQxm0cRibFa3Ta16mA,2020-04-16,,,,-38,-40,
LI,Liechtenstein,,,,,,ChIJ_S9HHUQxm0cRibFa3Ta16mA,2020-04-17,,,,-28,-37,
LI,Liechtenstein,,,,,,ChIJ_S9HHUQxm0cRibFa3Ta16mA,2020-04-18,,,,-30,,
LI,Liechtenstein,,,,,,ChIJ_S9HHUQxm0cRibFa3Ta16mA,2020-04-19,,,,-33,,
LI,Liechtenstein,,,,,,ChIJ_S9HHUQxm0cRibFa3Ta16mA,2020-04-20,,,,-23,-35,
LI,Liechtenstein,,,,,,ChIJ_S9HHUQxm0cRibFa3Ta16mA,2020-04-21,,,,-36,-33,
LI,Liechtenstein,,,,,,ChIJ_S9HHUQxm0cRibFa3Ta16mA,2020-04-22,,,,-33,-32,
LI,Liechtenstein,,,,,,ChIJ_S9HHUQxm0cRibFa3Ta16mA,2020-04-23,,,,-34,-35,
LI,Liechtenstein,,,,,,ChIJ_S9HHUQxm0cRibFa3Ta16mA,2020-04-24,,,,-25,-36,
LI,Liechtenstein,,,,,,ChIJ_S9HHUQxm0cRibFa3Ta16mA,2020-04-25,,,,-31,,
LI,Liechtenstein,,,,,,ChIJ_S9HHUQxm0cRibFa3Ta16mA,2020-04-26,,,,-41,,
LI,Liechtenstein,,,,,,ChIJ_S9HHUQxm0cRibFa3Ta16mA,2020-04-27,,,,-13,-29,
LI,Liechtenstein,,,,,,ChIJ_S9HHUQxm0cRibFa3Ta16mA,2020-04-28,,,,-26,-29,
LI,Liechtenstein,,,,,,ChIJ_S9HHUQxm0cRibFa3Ta16mA,2020-04-29,,,,-33,-25,
LI,Liechtenstein,,,,,,ChIJ_S9HHUQxm0cRibFa3Ta16mA,2020-04-30,,,,-33,-28,
LI,Liechtenstein,,,,,,ChIJ_S9HHUQxm0cRibFa3Ta16mA,2020-05-01,,,,-66,-72,
LI,Liechtenstein,,,,,,ChIJ_S9HHUQxm0cRibFa3Ta16mA,2020-05-02,,,,-44,,
LI,Liechtenstein,,,,,,ChIJ_S9HHUQxm0cRibFa3Ta16mA,2020-05-03,,,,-29,,
LI,Liechtenstein,,,,,,ChIJ_S9HHUQxm0cRibFa3Ta16mA,2020-05-04,,,,-15,-29,
LI,Liechtenstein,,,,,,ChIJ_S9HHUQxm0cRibFa3Ta16mA,2020-05-05,,,,-36,-30,
LI,Liechtenstein,,,,,,ChIJ_S9HHUQxm0cRibFa3Ta16mA,2020-05-06,,,,-32,-25,
LI,Liechtenstein,,,,,,ChIJ_S9HHUQxm0cRibFa3Ta16mA,2020-05-07,,,,-18,-28,
LI,Liechtenstein,,,,,,ChIJ_S9HHUQxm0cRibFa3Ta16mA,2020-05-08,,,,-19,-28,
LI,Liechtenstein,,,,,,ChIJ_S9HHUQxm0cRibFa3Ta16mA,2020-05-09,,,,-22,,
LI,Liechtenstein,,,,,,ChIJ_S9HHUQxm0cRibFa3Ta16mA,2020-05-10,,,,-31,,
LI,Liechtenstein,,,,,,ChIJ_S9HHUQxm0cRibFa3Ta16mA,2020-05-11,,,,-25,-24,
LI,Liechtenstein,,,,,,ChIJ_S9HHUQxm0cRibFa3Ta16mA,2020-05-12,,,,-34,-23,
LI,Liechtenstein,,,,,,ChIJ_S9HHUQxm0cRibFa3Ta16mA,2020-05-13,,,,-29,-23,
LI,Liechtenstein,,,,,,ChIJ_S9HHUQxm0cRibFa3Ta16mA,2020-05-14,,,,-23,-24,
LI,Liechtenstein,,,,,,ChIJ_S9HHUQxm0cRibFa3Ta16mA,2020-05-15,-37,,,-15,-23,
LI,Liechtenstein,,,,,,ChIJ_S9HHUQxm0cRibFa3Ta16mA,2020-05-16,-46,,,-9,,
LI,Liechtenstein,,,,,,ChIJ_S9HHUQxm0cRibFa3Ta16mA,2020-05-17,,,,-21,,
LI,Liechtenstein,,,,,,ChIJ_S9HHUQxm0cRibFa3Ta16mA,2020-05-18,,,,-5,-22,
LI,Liechtenstein,,,,,,ChIJ_S9HHUQxm0cRibFa3Ta16mA,2020-05-19,,,,-15,-22,
LI,Liechtenstein,,,,,,ChIJ_S9HHUQxm0cRibFa3Ta16mA,2020-05-20,,,,-14,-20,
LI,Liechtenstein,,,,,,ChIJ_S9HHUQxm0cRibFa3Ta16mA,2020-05-21,,,,-39,-82,
LI,Liechtenstein,,,,,,ChIJ_S9HHUQxm0cRibFa3Ta16mA,2020-05-22,-36,,,-32,-55,
LI,Liechtenstein,,,,,,ChIJ_S9HHUQxm0cRibFa3Ta16mA,2020-05-23,,,,-39,,
LI,Liechtenstein,,,,,,ChIJ_S9HHUQxm0cRibFa3Ta16mA,2020-05-24,,,,-29,,
LI,Liechtenstein,,,,,,ChIJ_S9HHUQxm0cRibFa3Ta16mA,2020-05-25,,,,-15,-20,
LI,Liechtenstein,,,,,,ChIJ_S9HHUQxm0cRibFa3Ta16mA,2020-05-26,,,,-17,-16,
LI,Liechtenstein,,,,,,ChIJ_S9HHUQxm0cRibFa3Ta16mA,2020-05-27,,,,-18,-18,
LI,Liechtenstein,,,,,,ChIJ_S9HHUQxm0cRibFa3Ta16mA,2020-05-28,,,,-24,-17,
LI,Liechtenstein,,,,,,ChIJ_S9HHUQxm0cRibFa3Ta16mA,2020-05-29,-21,,,-11,-18,
LI,Liechtenstein,,,,,,ChIJ_S9HHUQxm0cRibFa3Ta16mA,2020-05-30,,,,-18,,
LI,Liechtenstein,,,,,,ChIJ_S9HHUQxm0cRibFa3Ta16mA,2020-05-31,,,,-8,,
LI,Liechtenstein,,,,,,ChIJ_S9HHUQxm0cRibFa3Ta16mA,2020-06-01,,,,-36,-82,
LI,Liechtenstein,,,,,,ChIJ_S9HHUQxm0cRibFa3Ta16mA,2020-06-02,,,,-10,-15,
LI,Liechtenstein,,,,,,ChIJ_S9HHUQxm0cRibFa3Ta16mA,2020-06-03,,,,-17,-14,
LI,Liechtenstein,,,,,,ChIJ_S9HHUQxm0cRibFa3Ta16mA,2020-06-04,,,,-22,-17,
LI,Liechtenstein,,,,,,ChIJ_S9HHUQxm0cRibFa3Ta16mA,2020-06-05,,,,-19,-16,
LI,Liechtenstein,,,,,,ChIJ_S9HHUQxm0cRibFa3Ta16mA,2020-06-06,,,,-30,,
LI,Liechtenstein,,,,,,ChIJ_S9HHUQxm0cRibFa3Ta16mA,2020-06-07,,,,-64,,
LI,Liechtenstein,,,,,,ChIJ_S9HHUQxm0cRibFa3Ta16mA,2020-06-08,,,,-11,-18,
LI,Liechtenstein,,,,,,ChIJ_S9HHUQxm0cRibFa3Ta16mA,2020-06-09,,,,-18,-15,
LI,Liechtenstein,,,,,,ChIJ_S9HHUQxm0cRibFa3Ta16mA,2020-06-10,,,,-24,-16,
LI,Liechtenstein,,,,,,ChIJ_S9HHUQxm0cRibFa3Ta16mA,2020-06-11,,,,-55,-66,
LI,Liechtenstein,,,,,,ChIJ_S9HHUQxm0cRibFa3Ta16mA,2020-06-12,-23,,,-21,-43,
LI,Liechtenstein,,,,,,ChIJ_S9HHUQxm0cRibFa3Ta16mA,2020-06-13,,,,-26,,
LI,Liechtenstein,,,,,,ChIJ_S9HHUQxm0cRibFa3Ta16mA,2020-06-14,,,,-55,,
LI,Liechtenstein,,,,,,ChIJ_S9HHUQxm0cRibFa3Ta16mA,2020-06-15,,,,-4,-16,
LI,Liechtenstein,,,,,,ChIJ_S9HHUQxm0cRibFa3Ta16mA,2020-06-16,,,,-9,-13,
LI,Liechtenstein,,,,,,ChIJ_S9HHUQxm0cRibFa3Ta16mA,2020-06-17,,,,-21,-12,
LI,Liechtenstein,,,,,,ChIJ_S9HHUQxm0cRibFa3Ta16mA,2020-06-18,,,,-13,-13,
LI,Liechtenstein,,,,,,ChIJ_S9HHUQxm0cRibFa3Ta16mA,2020-06-19,,,,-9,-16,
LI,Liechtenstein,,,,,,ChIJ_S9HHUQxm0cRibFa3Ta16mA,2020-06-20,,,,-19,,
LI,Liechtenstein,,,,,,ChIJ_S9HHUQxm0cRibFa3Ta16mA,2020-06-21,,,,-27,,
LI,Liechtenstein,,,,,,ChIJ_S9HHUQxm0cRibFa3Ta16mA,2020-06-22,,,,2,-15,
LI,Liechtenstein,,,,,,ChIJ_S9HHUQxm0cRibFa3Ta16mA,2020-06-23,,,,-11,-13,
LI,Liechtenstein,,,,,,ChIJ_S9HHUQxm0cRibFa3Ta16mA,2020-06-24,,,,-7,-11,
LI,Liechtenstein,,,,,,ChIJ_S9HHUQxm0cRibFa3Ta16mA,2020-06-25,,,,-2,-13,
LI,Liechtenstein,,,,,,ChIJ_S9HHUQxm0cRibFa3Ta16mA,2020-06-26,,,,-2,-13,
LI,Liechtenstein,,,,,,ChIJ_S9HHUQxm0cRibFa3Ta16mA,2020-06-27,,,,-15,,
LI,Liechtenstein,,,,,,ChIJ_S9HHUQxm0cRibFa3Ta16mA,2020-06-28,,,,-24,,
LI,Liechtenstein,,,,,,ChIJ_S9HHUQxm0cRibFa3Ta16mA,2020-06-29,,,,-2,-13,
LI,Liechtenstein,,,,,,ChIJ_S9HHUQxm0cRibFa3Ta16mA,2020-06-30,,,,2,-10,
LI,Liechtenstein,,,,,,ChIJ_S9HHUQxm0cRibFa3Ta16mA,2020-07-01,,,,-9,-10,
LI,Liechtenstein,,,,,,ChIJ_S9HHUQxm0cRibFa3Ta16mA,2020-07-02,,,,-5,-11,
LI,Liechtenstein,,,,,,ChIJ_S9HHUQxm0cRibFa3Ta16mA,2020-07-03,,,,-1,-12,
LI,Liechtenstein,,,,,,ChIJ_S9HHUQxm0cRibFa3Ta16mA,2020-07-04,,,,-10,,
LI,Liechtenstein,,,,,,ChIJ_S9HHUQxm0cRibFa3Ta16mA,2020-07-05,,,,-17,,
LI,Liechtenstein,,,,,,ChIJ_S9HHUQxm0cRibFa3Ta16mA,2020-07-06,,,,-4,-24,
LI,Liechtenstein,,,,,,ChIJ_S9HHUQxm0cRibFa3Ta16mA,2020-07-07,,,,-9,-23,
LI,Liechtenstein,,,,,,ChIJ_S9HHUQxm0cRibFa3Ta16mA,2020-07-08,,,,-16,-21,
LI,Liechtenstein,,,,,,ChIJ_S9HHUQxm0cRibFa3Ta16mA,2020-07-09,,,,-9,-25,
LI,Liechtenstein,,,,,,ChIJ_S9HHUQxm0cRibFa3Ta16mA,2020-07-10,,,,-17,-24,
LI,Liechtenstein,,,,,,ChIJ_S9HHUQxm0cRibFa3Ta16mA,2020-07-11,,,,-31,,
LI,Liechtenstein,,,,,,ChIJ_S9HHUQxm0cRibFa3Ta16mA,2020-07-12,,,,-6,,
LI,Liechtenstein,,,,,,ChIJ_S9HHUQxm0cRibFa3Ta16mA,2020-07-13,,,,-3,-30,
LI,Liechtenstein,,,,,,ChIJ_S9HHUQxm0cRibFa3Ta16mA,2020-07-14,,,,-16,-28,
LI,Liechtenstein,,,,,,ChIJ_S9HHUQxm0cRibFa3Ta16mA,2020-07-15,,,,-21,-26,
LI,Liechtenstein,,,,,,ChIJ_S9HHUQxm0cRibFa3Ta16mA,2020-07-16,,,,-28,-26,
LI,Liechtenstein,,,,,,ChIJ_S9HHUQxm0cRibFa3Ta16mA,2020-07-17,,,,-15,-28,
LI,Liechtenstein,,,,,,ChIJ_S9HHUQxm0cRibFa3Ta16mA,2020-07-18,,,,-14,,
LI,Liechtenstein,,,,,,ChIJ_S9HHUQxm0cRibFa3Ta16mA,2020-07-19,,,,-13,,
LI,Liechtenstein,,,,,,ChIJ_S9HHUQxm0cRibFa3Ta16mA,2020-07-20,,,,-8,-35,
LI,Liechtenstein,,,,,,ChIJ_S9HHUQxm0cRibFa3Ta16mA,2020-07-21,,,,-26,-33,
LI,Liechtenstein,,,,,,ChIJ_S9HHUQxm0cRibFa3Ta16mA,2020-07-22,,,,-19,-31,
LI,Liechtenstein,,,,,,ChIJ_S9HHUQxm0cRibFa3Ta16mA,2020-07-23,,,,-22,-32,
LI,Liechtenstein,,,,,,ChIJ_S9HHUQxm0cRibFa3Ta16mA,2020-07-24,,,,-16,-33,
LI,Liechtenstein,,,,,,ChIJ_S9HHUQxm0cRibFa3Ta16mA,2020-07-25,,,,-19,,
LI,Liechtenstein,,,,,,ChIJ_S9HHUQxm0cRibFa3Ta16mA,2020-07-26,,,,-31,,
LI,Liechtenstein,,,,,,ChIJ_S9HHUQxm0cRibFa3Ta16mA,2020-07-27,,,,-21,-43,
LI,Liechtenstein,,,,,,ChIJ_S9HHUQxm0cRibFa3Ta16mA,2020-07-28,,,,-32,-42,
LI,Liechtenstein,,,,,,ChIJ_S9HHUQxm0cRibFa3Ta16mA,2020-07-29,,,,-35,-41,
LI,Liechtenstein,,,,,,ChIJ_S9HHUQxm0cRibFa3Ta16mA,2020-07-30,,,,-25,-42,
LI,Liechtenstein,,,,,,ChIJ_S9HHUQxm0cRibFa3Ta16mA,2020-07-31,,,,-22,-44,
LI,Liechtenstein,,,,,,ChIJ_S9HHUQxm0cRibFa3Ta16mA,2020-08-01,,,,-20,,
LI,Liechtenstein,,,,,,ChIJ_S9HHUQxm0cRibFa3Ta16mA,2020-08-02,,,,-39,,
LI,Liechtenstein,,,,,,ChIJ_S9HHUQxm0cRibFa3Ta16mA,2020-08-03,,,,-26,-39,
LI,Liechtenstein,,,,,,ChIJ_S9HHUQxm0cRibFa3Ta16mA,2020-08-04,,,,-34,-39,
LI,Liechtenstein,,,,,,ChIJ_S9HHUQxm0cRibFa3Ta16mA,2020-08-05,,,,-25,-37,
LI,Liechtenstein,,,,,,ChIJ_S9HHUQxm0cRibFa3Ta16mA,2020-08-06,,,,-28,-39,
LI,Liechtenstein,,,,,,ChIJ_S9HHUQxm0cRibFa3Ta16mA,2020-08-07,,,,-22,-39,
LI,Liechtenstein,,,,,,ChIJ_S9HHUQxm0cRibFa3Ta16mA,2020-08-08,,,,-17,,
LI,Liechtenstein,,,,,,ChIJ_S9HHUQxm0cRibFa3Ta16mA,2020-08-09,,,,-19,,
LI,Liechtenstein,,,,,,ChIJ_S9HHUQxm0cRibFa3Ta16mA,2020-08-10,,,,-14,-30,
LI,Liechtenstein,,,,,,ChIJ_S9HHUQxm0cRibFa3Ta16mA,2020-08-11,,,,-24,-30,
LI,Liechtenstein,,,,,,ChIJ_S9HHUQxm0cRibFa3Ta16mA,2020-08-12,,,,-23,-28,
LI,Liechtenstein,,,,,,ChIJ_S9HHUQxm0cRibFa3Ta16mA,2020-08-13,,,,-18,-25,
LI,Liechtenstein,,,,,,ChIJ_S9HHUQxm0cRibFa3Ta16mA,2020-08-14,,,,-10,-27,
LI,Liechtenstein,,,,,,ChIJ_S9HHUQxm0cRibFa3Ta16mA,2020-08-15,,,,1,,
LI,Liechtenstein,,,,,,ChIJ_S9HHUQxm0cRibFa3Ta16mA,2020-08-16,,,,-26,,
LI,Liechtenstein,,,,,,ChIJ_S9HHUQxm0cRibFa3Ta16mA,2020-09-11,,,,-7,-17,
LI,Liechtenstein,,,,,,ChIJ_S9HHUQxm0cRibFa3Ta16mA,2020-09-12,,,,1,,
LI,Liechtenstein,,,,,,ChIJ_S9HHUQxm0cRibFa3Ta16mA,2020-09-13,,,,-11,,
LI,Liechtenstein,,,,,,ChIJ_S9HHUQxm0cRibFa3Ta16mA,2020-09-14,,,,-1,-16,
LI,Liechtenstein,,,,,,ChIJ_S9HHUQxm0cRibFa3Ta16mA,2020-09-15,,,,-9,-14,
LI,Liechtenstein,,,,,,ChIJ_S9HHUQxm0cRibFa3Ta16mA,2020-09-16,,,,-16,-9,
LI,Liechtenstein,,,,,,ChIJ_S9HHUQxm0cRibFa3Ta16mA,2020-09-17,,,,-13,-13,
LI,Liechtenstein,,,,,,ChIJ_S9HHUQxm0cRibFa3Ta16mA,2020-09-18,,,,-13,-16,
LI,Liechtenstein,,,,,,ChIJ_S9HHUQxm0cRibFa3Ta16mA,2020-09-19,,,,-10,,
LI,Liechtenstein,,,,,,ChIJ_S9HHUQxm0cRibFa3Ta16mA,2020-09-20,,,,-18,,
LI,Liechtenstein,,,,,,ChIJ_S9HHUQxm0cRibFa3Ta16mA,2020-09-21,,,,-8,-16,
LI,Liechtenstein,,,,,,ChIJ_S9HHUQxm0cRibFa3Ta16mA,2020-09-22,,,,-15,-11,
LI,Liechtenstein,,,,,,ChIJ_S9HHUQxm0cRibFa3Ta16mA,2020-09-23,,,,-17,-12,
LI,Liechtenstein,,,,,,ChIJ_S9HHUQxm0cRibFa3Ta16mA,2020-09-24,,,,-11,-11,
LI,Liechtenstein,,,,,,ChIJ_S9HHUQxm0cRibFa3Ta16mA,2020-09-25,,,,-12,-12,
LI,Liechtenstein,,,,,,ChIJ_S9HHUQxm0cRibFa3Ta16mA,2020-09-26,,,,-34,,
LI,Liechtenstein,,,,,,ChIJ_S9HHUQxm0cRibFa3Ta16mA,2020-09-27,,,,-13,,
LI,Liechtenstein,,,,,,ChIJ_S9HHUQxm0cRibFa3Ta16mA,2020-09-28,,,,-7,-12,
LI,Liechtenstein,,,,,,ChIJ_S9HHUQxm0cRibFa3Ta16mA,2020-09-29,,,,-15,-11,
LI,Liechtenstein,,,,,,ChIJ_S9HHUQxm0cRibFa3Ta16mA,2020-09-30,,,,-10,-12,
LI,Liechtenstein,,,,,,ChIJ_S9HHUQxm0cRibFa3Ta16mA,2020-10-01,,,,-19,-13,
LI,Liechtenstein,,,,,,ChIJ_S9HHUQxm0cRibFa3Ta16mA,2020-10-02,,,,-12,-13,
LI,Liechtenstein,,,,,,ChIJ_S9HHUQxm0cRibFa3Ta16mA,2020-10-03,,,,-26,,
LI,Liechtenstein,,,,,,ChIJ_S9HHUQxm0cRibFa3Ta16mA,2020-10-04,,,,-32,,
LI,Liechtenstein,,,,,,ChIJ_S9HHUQxm0cRibFa3Ta16mA,2020-10-05,,,,-20,-25,
LI,Liechtenstein,,,,,,ChIJ_S9HHUQxm0cRibFa3Ta16mA,2020-10-06,,,,-27,-25,
LI,Liechtenstein,,,,,,ChIJ_S9HHUQxm0cRibFa3Ta16mA,2020-10-07,,,,-31,-22,
LI,Liechtenstein,,,,,,ChIJ_S9HHUQxm0cRibFa3Ta16mA,2020-10-08,,,,-26,-23,
LI,Liechtenstein,,,,,,ChIJ_S9HHUQxm0cRibFa3Ta16mA,2020-10-09,,,,-23,-27,
LI,Liechtenstein,,,,,,ChIJ_S9HHUQxm0cRibFa3Ta16mA,2020-10-10,,,,-40,,
LI,Liechtenstein,,,,,,ChIJ_S9HHUQxm0cRibFa3Ta16mA,2020-10-11,,,,-48,,
LI,Liechtenstein,,,,,,ChIJ_S9HHUQxm0cRibFa3Ta16mA,2020-10-12,,,,-24,-25,
LI,Liechtenstein,,,,,,ChIJ_S9HHUQxm0cRibFa3Ta16mA,2020-10-13,,,,-26,-23,
LI,Liechtenstein,,,,,,ChIJ_S9HHUQxm0cRibFa3Ta16mA,2020-10-14,,,,-30,-19,
LI,Liechtenstein,,,,,,ChIJ_S9HHUQxm0cRibFa3Ta16mA,2020-10-15,,,,-28,-22,
LI,Liechtenstein,,,,,,ChIJ_S9HHUQxm0cRibFa3Ta16mA,2020-10-16,,,,-35,-23,
LI,Liechtenstein,,,,,,ChIJ_S9HHUQxm0cRibFa3Ta16mA,2020-10-17,,,,-33,,
LI,Liechtenstein,,,,,,ChIJ_S9HHUQxm0cRibFa3Ta16mA,2020-10-18,,,,-39,,
LI,Liechtenstein,,,,,,ChIJ_S9HHUQxm0cRibFa3Ta16mA,2020-10-19,,,,-9,-11,
LI,Liechtenstein,,,,,,ChIJ_S9HHUQxm0cRibFa3Ta16mA,2020-10-20,,,,-18,-11,
LI,Liechtenstein,,,,,,ChIJ_S9HHUQxm0cRibFa3Ta16mA,2020-10-21,,,,-25,-11,
LI,Liechtenstein,,,,,,ChIJ_S9HHUQxm0cRibFa3Ta16mA,2020-10-22,,,,-22,-13,
LI,Liechtenstein,,,,,,ChIJ_S9HHUQxm0cRibFa3Ta16mA,2020-10-23,,,,-18,-12,
LI,Liechtenstein,,,,,,ChIJ_S9HHUQxm0cRibFa3Ta16mA,2020-10-24,,,,-41,,
LI,Liechtenstein,,,,,,ChIJ_S9HHUQxm0cRibFa3Ta16mA,2020-10-25,,,,-25,,
LI,Liechtenstein,,,,,,ChIJ_S9HHUQxm0cRibFa3Ta16mA,2020-10-26,,,,-28,-16,
LI,Liechtenstein,,,,,,ChIJ_S9HHUQxm0cRibFa3Ta16mA,2020-10-27,,,,-25,-13,
LI,Liechtenstein,,,,,,ChIJ_S9HHUQxm0cRibFa3Ta16mA,2020-10-28,,,,-32,-12,
LI,Liechtenstein,,,,,,ChIJ_S9HHUQxm0cRibFa3Ta16mA,2020-10-29,,,,-34,-15,
LI,Liechtenstein,,,,,,ChIJ_S9HHUQxm0cRibFa3Ta16mA,2020-10-30,-32,,,-22,-16,
LI,Liechtenstein,,,,,,ChIJ_S9HHUQxm0cRibFa3Ta16mA,2020-10-31,-44,,,-28,,
LI,Liechtenstein,,,,,,ChIJ_S9HHUQxm0cRibFa3Ta16mA,2020-11-01,,,,-34,,
LI,Liechtenstein,,,,,,ChIJ_S9HHUQxm0cRibFa3Ta16mA,2020-11-02,,,,-14,-21,
LI,Liechtenstein,,,,,,ChIJ_S9HHUQxm0cRibFa3Ta16mA,2020-11-03,,,,-31,-18,
LI,Liechtenstein,,,,,,ChIJ_S9HHUQxm0cRibFa3Ta16mA,2020-11-04,,,,-37,-16,
LI,Liechtenstein,,,,,,ChIJ_S9HHUQxm0cRibFa3Ta16mA,2020-11-05,,,,-34,-17,
LI,Liechtenstein,,,,,,ChIJ_S9HHUQxm0cRibFa3Ta16mA,2020-11-06,-36,,,-27,-17,
LI,Liechtenstein,,,,,,ChIJ_S9HHUQxm0cRibFa3Ta16mA,2020-11-07,-43,,,-34,,
LI,Liechtenstein,,,,,,ChIJ_S9HHUQxm0cRibFa3Ta16mA,2020-11-08,,,,-42,,
LI,Liechtenstein,,,,,,ChIJ_S9HHUQxm0cRibFa3Ta16mA,2020-11-09,,,,-22,-20,
LI,Liechtenstein,,,,,,ChIJ_S9HHUQxm0cRibFa3Ta16mA,2020-11-10,,,,-33,-17,
LI,Liechtenstein,,,,,,ChIJ_S9HHUQxm0cRibFa3Ta16mA,2020-11-11,,,,-33,-17,
LI,Liechtenstein,,,,,,ChIJ_S9HHUQxm0cRibFa3Ta16mA,2020-11-12,,,,-27,-18,
LI,Liechtenstein,,,,,,ChIJ_S9HHUQxm0cRibFa3Ta16mA,2020-11-13,-34,,,-26,-16,
LI,Liechtenstein,,,,,,ChIJ_S9HHUQxm0cRibFa3Ta16mA,2020-11-14,-45,,,-27,,
LI,Liechtenstein,,,,,,ChIJ_S9HHUQxm0cRibFa3Ta16mA,2020-11-15,,,,-32,,
LI,Liechtenstein,,,,,,ChIJ_S9HHUQxm0cRibFa3Ta16mA,2020-11-16,,,,-18,-18,
LI,Liechtenstein,,,,,,ChIJ_S9HHUQxm0cRibFa3Ta16mA,2020-11-17,,,,-24,-17,
LI,Liechtenstein,,,,,,ChIJ_S9HHUQxm0cRibFa3Ta16mA,2020-11-18,,,,-33,-15,
LI,Liechtenstein,,,,,,ChIJ_S9HHUQxm0cRibFa3Ta16mA,2020-11-19,,,,-34,-15,
LI,Liechtenstein,,,,,,ChIJ_S9HHUQxm0cRibFa3Ta16mA,2020-11-20,-37,,,-29,-15,
LI,Liechtenstein,,,,,,ChIJ_S9HHUQxm0cRibFa3Ta16mA,2020-11-21,-46,,,-41,,
LI,Liechtenstein,,,,,,ChIJ_S9HHUQxm0cRibFa3Ta16mA,2020-11-22,,,,-43,,
LI,Liechtenstein,,,,,,ChIJ_S9HHUQxm0cRibFa3Ta16mA,2020-11-23,,,,-24,-19,
LI,Liechtenstein,,,,,,ChIJ_S9HHUQxm0cRibFa3Ta16mA,2020-11-24,,,,-31,-16,
LI,Liechtenstein,,,,,,ChIJ_S9HHUQxm0cRibFa3Ta16mA,2020-11-25,,,,-31,-14,
LI,Liechtenstein,,,,,,ChIJ_S9HHUQxm0cRibFa3Ta16mA,2020-11-26,,,,-35,-14,
LI,Liechtenstein,,,,,,ChIJ_S9HHUQxm0cRibFa3Ta16mA,2020-11-27,-36,,,-26,-15,
LI,Liechtenstein,,,,,,ChIJ_S9HHUQxm0cRibFa3Ta16mA,2020-11-28,-41,,,-35,,
LI,Liechtenstein,,,,,,ChIJ_S9HHUQxm0cRibFa3Ta16mA,2020-11-29,,,,-43,,
LI,Liechtenstein,,,,,,ChIJ_S9HHUQxm0cRibFa3Ta16mA,2020-11-30,,,,-16,-15,
LI,Liechtenstein,,,,,,ChIJ_S9HHUQxm0cRibFa3Ta16mA,2020-12-01,,,,-30,-15,
LI,Liechtenstein,,,,,,ChIJ_S9HHUQxm0cRibFa3Ta16mA,2020-12-02,,,,-31,-12,
LI,Liechtenstein,,,,,,ChIJ_S9HHUQxm0cRibFa3Ta16mA,2020-12-03,,,,-32,-11,
LI,Liechtenstein,,,,,,ChIJ_S9HHUQxm0cRibFa3Ta16mA,2020-12-04,,,,-25,-12,
LI,Liechtenstein,,,,,,ChIJ_S9HHUQxm0cRibFa3Ta16mA,2020-12-05,,,,-47,,
LI,Liechtenstein,,,,,,ChIJ_S9HHUQxm0cRibFa3Ta16mA,2020-12-06,,,,-38,,
LI,Liechtenstein,,,,,,ChIJ_S9HHUQxm0cRibFa3Ta16mA,2020-12-07,,,,-21,-30,
LI,Liechtenstein,,,,,,ChIJ_S9HHUQxm0cRibFa3Ta16mA,2020-12-08,,,,-66,-66,
LI,Liechtenstein,,,,,,ChIJ_S9HHUQxm0cRibFa3Ta16mA,2020-12-09,,,,-31,-9,
LI,Liechtenstein,,,,,,ChIJ_S9HHUQxm0cRibFa3Ta16mA,2020-12-10,,,,-25,-11,
LI,Liechtenstein,,,,,,ChIJ_S9HHUQxm0cRibFa3Ta16mA,2020-12-11,,,,-23,-11,
LI,Liechtenstein,,,,,,ChIJ_S9HHUQxm0cRibFa3Ta16mA,2020-12-12,,,,-19,,
LI,Liechtenstein,,,,,,ChIJ_S9HHUQxm0cRibFa3Ta16mA,2020-12-13,,,,-28,,
LI,Liechtenstein,,,,,,ChIJ_S9HHUQxm0cRibFa3Ta16mA,2020-12-14,,,,-14,-16,
LI,Liechtenstein,,,,,,ChIJ_S9HHUQxm0cRibFa3Ta16mA,2020-12-15,,,,-26,-17,
LI,Liechtenstein,,,,,,ChIJ_S9HHUQxm0cRibFa3Ta16mA,2020-12-16,,,,-19,-12,
LI,Liechtenstein,,,,,,ChIJ_S9HHUQxm0cRibFa3Ta16mA,2020-12-17,,,,-24,-12,
LI,Liechtenstein,,,,,,ChIJ_S9HHUQxm0cRibFa3Ta16mA,2020-12-18,,,,-16,-14,
LI,Liechtenstein,,,,,,ChIJ_S9HHUQxm0cRibFa3Ta16mA,2020-12-19,,,,-17,,
LI,Liechtenstein,,,,,,ChIJ_S9HHUQxm0cRibFa3Ta16mA,2020-12-20,,,,-31,,
LI,Liechtenstein,,,,,,ChIJ_S9HHUQxm0cRibFa3Ta16mA,2020-12-21,,,,-22,-28,
LI,Liechtenstein,,,,,,ChIJ_S9HHUQxm0cRibFa3Ta16mA,2020-12-22,,,,-31,-30,
LI,Liechtenstein,,,,,,ChIJ_S9HHUQxm0cRibFa3Ta16mA,2020-12-23,,,,-34,-33,
LI,Liechtenstein,,,,,,ChIJ_S9HHUQxm0cRibFa3Ta16mA,2020-12-24,,,,-52,-74,
LI,Liechtenstein,,,,,,ChIJ_S9HHUQxm0cRibFa3Ta16mA,2020-12-25,,,,-68,-87,
LI,Liechtenstein,,,,,,ChIJ_S9HHUQxm0cRibFa3Ta16mA,2020-12-26,,,,-25,,
LI,Liechtenstein,,,,,,ChIJ_S9HHUQxm0cRibFa3Ta16mA,2020-12-27,,,,-23,,
LI,Liechtenstein,,,,,,ChIJ_S9HHUQxm0cRibFa3Ta16mA,2020-12-28,,,,-41,-67,
LI,Liechtenstein,,,,,,ChIJ_S9HHUQxm0cRibFa3Ta16mA,2020-12-29,,,,-28,-64,
LI,Liechtenstein,,,,,,ChIJ_S9HHUQxm0cRibFa3Ta16mA,2020-12-30,,,,-39,-61,
LI,Liechtenstein,,,,,,ChIJ_S9HHUQxm0cRibFa3Ta16mA,2020-12-31,,,,-35,-77,
